id,slow,fast,country,hiphop,comedy,thriller,horrer,sci_fi,sports,shopping,pets,socializing
5ea9f40a81585755a0a65502,3,3,4,3,5,3,5,1,2,4,4,3
5ea9f40a81585755a0a65503,4,4,2,2,5,5,2,5,2,4,2,4
5ea9f40a81585755a0a65504,5,3,2,1,1,2,5,2,2,2,2,4
5ea9f40a81585755a0a65505,5,1,3,5,2,1,5,1,5,4,5,3
5ea9f40a81585755a0a65506,4,4,1,5,4,2,2,5,5,2,4,1
5ea9f40a81585755a0a65507,4,1,1,4,3,2,2,5,2,1,1,2
5ea9f40a81585755a0a65508,5,1,1,5,1,4,5,2,1,2,5,3
5ea9f40a81585755a0a65509,5,2,1,2,2,4,5,1,2,4,3,4
5ea9f40a81585755a0a6550a,2,3,2,2,3,1,1,3,4,4,1,5
5ea9f40a81585755a0a6550b,3,3,4,1,5,1,2,3,2,2,2,3
5ea9f40a81585755a0a6550e,2,3,2,4,1,5,5,2,1,2,5,2
5ea9f40a81585755a0a6550c,5,5,2,2,5,2,5,3,5,1,2,1
5ea9f40a81585755a0a6550d,4,4,3,3,2,4,3,3,4,1,3,4
5ea9f40a81585755a0a6550f,3,2,4,1,1,4,2,4,2,2,1,2
5ea9f40a81585755a0a65510,3,5,1,3,2,3,2,1,3,1,5,3
5ea9f40a81585755a0a65512,1,3,4,5,4,4,2,2,4,1,3,3
5ea9f40a81585755a0a65511,4,4,4,1,1,2,2,2,4,1,5,5
5ea9f40a81585755a0a65513,3,4,2,3,4,1,1,4,2,4,1,2
5ea9f40a81585755a0a65514,4,3,3,3,5,4,2,3,4,1,5,4
5ea9f40a81585755a0a65515,5,2,2,3,3,4,2,3,1,2,1,5
5ea9f40a81585755a0a65516,5,5,4,5,4,5,2,5,2,4,3,1
5ea9f40a81585755a0a65518,2,3,3,1,5,5,3,3,5,2,3,5
5ea9f40a81585755a0a65517,5,5,2,2,5,1,2,1,2,5,5,2
5ea9f40a81585755a0a6551a,2,2,2,1,3,2,3,3,4,1,3,3
5ea9f40a81585755a0a65519,3,5,2,3,5,3,1,4,1,4,1,2
5ea9f40a81585755a0a6551b,2,4,2,1,4,4,1,2,3,5,2,1
5ea9f40a81585755a0a6551c,1,5,1,4,1,4,5,1,2,3,1,2
5ea9f40a81585755a0a6551d,4,2,4,2,1,4,3,4,2,3,3,2
5ea9f40a81585755a0a6551e,3,2,1,4,1,4,5,2,1,2,3,3
5ea9f40a81585755a0a6551f,5,2,4,3,5,4,2,3,5,5,2,5
5ea9f40a81585755a0a65520,3,3,5,2,5,2,2,1,5,2,5,5
5ea9f40a81585755a0a65521,2,1,3,5,2,3,5,5,2,2,4,2
5ea9f40a81585755a0a65524,5,5,2,2,5,2,4,4,5,4,2,4
5ea9f40a81585755a0a65522,4,1,2,5,4,1,2,3,4,2,4,3
5ea9f40a81585755a0a65523,2,3,5,3,3,1,3,3,3,4,2,4
5ea9f40a81585755a0a65525,2,5,3,2,5,5,3,5,1,2,4,5
5ea9f40a81585755a0a65526,3,4,5,4,1,1,1,2,4,4,4,2
5ea9f40a81585755a0a65527,4,3,4,2,5,3,3,5,3,2,2,2
5ea9f40a81585755a0a65528,3,4,5,5,4,4,3,3,2,1,4,1
5ea9f40a81585755a0a6552a,5,4,3,4,2,3,1,3,4,3,5,4
5ea9f40a81585755a0a65529,2,1,4,2,3,4,2,1,2,4,4,2
5ea9f40a81585755a0a6552b,5,2,2,2,3,2,4,1,2,1,5,3
5ea9f40a81585755a0a6552c,1,1,4,5,3,2,5,2,5,3,5,1
5ea9f40a81585755a0a6552e,2,2,1,2,4,3,2,4,5,2,3,4
5ea9f40a81585755a0a6552d,2,4,2,1,4,2,1,2,3,4,3,1
5ea9f40a81585755a0a6552f,2,3,4,2,1,5,1,2,5,3,3,1
5ea9f40a81585755a0a65530,1,2,4,4,1,4,3,1,3,2,1,1
5ea9f40a81585755a0a65531,4,5,4,3,4,5,5,1,1,5,3,5
5ea9f40a81585755a0a65532,1,5,1,1,5,2,1,5,1,5,4,1
5ea9f40a81585755a0a65533,3,3,1,3,1,2,2,4,5,2,5,1
5ea9f40a81585755a0a65534,3,1,1,3,4,4,2,4,2,5,4,2
5ea9f40a81585755a0a65535,4,4,4,5,3,5,4,2,5,2,2,2
5ea9f40a81585755a0a65536,4,1,2,1,4,3,4,3,5,4,5,5
5ea9f40a81585755a0a65537,4,1,3,1,5,1,3,4,3,2,2,5
5ea9f40a81585755a0a65539,2,3,1,5,3,3,4,5,2,4,1,1
5ea9f40a81585755a0a65538,3,3,4,3,2,5,5,5,2,4,1,5
5ea9f40a81585755a0a6553a,3,1,1,2,2,1,4,4,4,4,2,1
5ea9f40a81585755a0a6553b,4,5,1,2,2,2,2,2,5,2,3,4
5ea9f40a81585755a0a6553c,2,4,2,5,2,1,5,1,5,4,1,1
5ea9f40a81585755a0a6553d,1,4,3,3,3,5,4,2,1,5,3,2
5ea9f40a81585755a0a6553f,5,1,5,1,4,1,2,2,5,1,1,2
5ea9f40a81585755a0a6553e,2,1,1,4,5,2,4,1,2,3,5,5
5ea9f40a81585755a0a65540,1,1,2,4,4,4,3,2,5,3,4,4
5ea9f40a81585755a0a65541,2,3,1,2,5,4,1,4,3,5,3,5
5ea9f40a81585755a0a65543,1,1,5,3,4,4,5,1,4,5,2,3
5ea9f40a81585755a0a65544,1,4,1,1,4,5,2,1,2,1,4,2
5ea9f40a81585755a0a65542,2,3,5,3,2,4,3,1,5,2,2,1
5ea9f40a81585755a0a65545,2,2,3,1,2,3,4,5,3,5,3,1
5ea9f40a81585755a0a65546,3,2,3,3,5,4,3,1,5,4,2,3
5ea9f40a81585755a0a65547,5,4,3,4,5,1,3,3,5,2,5,3
5ea9f40a81585755a0a65548,2,4,4,4,2,3,4,5,5,1,4,4
5ea9f40a81585755a0a65549,5,5,4,3,1,1,3,4,4,1,1,5
5ea9f40a81585755a0a6554b,2,2,2,4,1,5,5,1,2,4,2,3
5ea9f40a81585755a0a6554a,5,2,4,1,4,3,2,1,3,2,4,5
5ea9f40a81585755a0a6554c,5,2,2,5,2,3,4,4,2,3,2,2
5ea9f40a81585755a0a6554e,3,5,3,3,3,5,1,3,1,3,4,5
5ea9f40a81585755a0a6554d,1,2,3,3,4,3,3,3,1,5,2,3
5ea9f40a81585755a0a65550,5,5,1,1,2,4,4,1,4,4,1,5
5ea9f40a81585755a0a65553,2,4,3,3,1,1,5,2,5,3,4,1
5ea9f40a81585755a0a65551,3,3,5,3,1,3,4,2,4,2,4,4
5ea9f40a81585755a0a65552,4,3,1,5,1,3,4,3,4,5,1,2
5ea9f40a81585755a0a6554f,1,3,3,2,2,2,1,4,4,1,4,4
5ea9f40a81585755a0a65555,3,4,2,1,5,3,5,4,5,3,3,2
5ea9f40a81585755a0a65556,4,2,5,4,1,1,1,2,1,3,4,4
5ea9f40a81585755a0a65554,2,4,3,3,2,5,4,4,4,5,3,3
5ea9f40a81585755a0a65558,1,1,2,2,5,1,5,4,4,5,4,4
5ea9f40a81585755a0a65557,1,3,1,5,2,3,3,5,1,2,1,1
5ea9f40a81585755a0a65559,5,2,2,5,4,3,2,1,1,3,2,2
5ea9f40a81585755a0a6555b,3,1,1,1,1,2,2,4,4,5,2,5
5ea9f40a81585755a0a6555a,2,5,1,5,1,4,4,3,2,5,4,4
5ea9f40a81585755a0a6555d,3,1,5,5,5,4,3,4,2,4,3,2
5ea9f40a81585755a0a6555c,1,3,5,4,1,1,1,1,1,4,4,4
5ea9f40a81585755a0a6555e,3,1,1,4,5,4,4,4,1,4,5,5
5ea9f40a81585755a0a65562,1,2,4,3,1,5,3,1,5,3,1,1
5ea9f40a81585755a0a6555f,4,3,2,3,1,4,4,4,2,4,1,3
5ea9f40a81585755a0a65561,1,5,5,2,2,2,2,2,3,1,5,2
5ea9f40a81585755a0a65560,2,2,2,3,2,4,1,4,1,5,5,4
5ea9f40a81585755a0a65563,2,2,4,1,2,5,1,3,4,1,3,5
5ea9f40a81585755a0a65564,2,2,3,5,2,1,4,5,5,1,1,3
5ea9f40a81585755a0a65565,4,5,1,2,3,1,3,2,2,2,4,4
